{
	"master":[
		{
			"IP_address":"172.28.235.18",
			"port":2000,
			"port_periodic":2002
		}
	],
	"PC6":[
		{
			"IP_address":"172.28.235.203",
			"port":1600
		}
	],
	"worker":[
		{
			"worker name":"PC6",
			"number of thread":6
		}
	],
	"Thread-1":[
		{
			"Docker ID-1":"6d0f1ce9cc72",
			"Podman ID-1":"v1"
		}
	],
	"Thread-2":[
		{
			"Docker ID-2":"5ea95b3de58f",
			"Podman ID-2":"v2"
		}
	],
	"Thread-3":[
		{
			"Docker ID-3":"e11f460610f7",
			"Podman ID-3":"v3"
		}
	],
	"Thread-4":[
		{
			"Docker ID-4":"8de9f056dd12",
			"Podman ID-4":"v4"
		}
	],
	"Thread-5":[
		{
			"Docker ID-5":"aca1678323e2",
			"Podman ID-5":"v0"
		}
	],
	"Thread-6":[
		{
			"Docker ID-6":"9775cebc54e8",
			"Podman ID-6":"v5"
		}
	]
}
