
mimm12,105,,thread6
mimm1,106,,thread2
mimm11,106,,thread1
mimm15,107,,thread5
mimm13,108,,thread4
mimm14,108,,thread3
mimm13,105,,thread4
mimm15,105,,thread5
mimm14,105,,thread3
mimm12,107,,thread6
mimm11,107,,thread1
mimm1,107,,thread2
mthm5,38,,thread1
510,80,,thread1
512,3,,thread1
512,2,,thread1
01w0,2,,thread2
01w1,2,,thread1
01w1,15,,thread2
01w0,15,,thread3
01w2,15,,thread1
01w1,12,,thread2
01w0,14,,thread3
01w2,14,,thread1
01w0,11,,thread2
512,15,,thread2
513,15,,thread3
511,16,,thread1
511,11,,thread1
lthm4,1,,thread1
lthm1,1005,,thread1
lthm4,3,,thread1
lthm4,28,,thread1
3w0,255,,thread1
10w0,407,,thread1
3w1,234,,thread1
5w1,288,,thread2
5w1,209,,thread1
5w1,209,,thread1
3w1,153,,thread1
3w1,438,,thread1
5w1,489,,thread3
5w2,517,,thread2
3w0,421,,thread2
3w1,423,,thread1
5w1,476,,thread3
3w0,153,,thread2
3w0,11,,thread1
3w0,153,,thread1
time.csv,3,,thread1
apca,733,,thread1
apca,724,,thread1
apcb,724,,thread2
apca,731,,thread1
apcc,731,,thread2
apcb,733,,thread3
apcc,739,,thread2
apcd,741,,thread3
apca,740,,thread1
apcb,739,,thread4
apcc,743,,thread3
apcd,744,,thread4
apce,742,,thread1
apcb,742,,thread5
apca,742,,thread2
apcd,748,,thread5
apcb,750,,thread6
apcc,747,,thread4
apca,748,,thread3
apcf,748,,thread1
apce,753,,thread2
apca,705,,thread1
apcg,748,,thread1
apcc,747,,thread4
apcf,748,,thread2
apcb,747,,thread6
apce,747,,thread3
apcd,748,,thread5
apcc,747,,thread5
apch,749,,thread6
apce,748,,thread3
apca,749,,thread4
apcf,748,,thread2
apcg,751,,thread1
apcb,724,,thread2
apcd,723,,thread1
apce,747,,thread3
apcf,749,,thread2
apcg,748,,thread1
apci,749,,thread4
apca,748,,thread5
apcc,750,,thread6
apcd,727,,thread2
apcb,728,,thread3
apch,732,,thread1
apci,748,,thread4
apcf,748,,thread2
apcc,748,,thread6
apcg,749,,thread1
apce,747,,thread3
apca,748,,thread5
apcj,737,,thread2
apcd,738,,thread3
apcb,738,,thread4
apch,739,,thread1
apci,748,,thread5
apck,747,,thread1
apce,748,,thread4
apcg,753,,thread2
apcf,754,,thread3
apca,757,,thread6
apcb,742,,thread5
apcd,741,,thread4
apcj,744,,thread3
apch,743,,thread2
apcc,750,,thread1
apcf,748,,thread3
apci,751,,thread5
apcg,749,,thread2
apce,748,,thread4
apck,747,,thread1
apcl,750,,thread6
apcb,747,,thread6
apca,748,,thread1
apcd,748,,thread5
apch,747,,thread3
apcj,748,,thread4
apcc,747,,thread2
apcf,748,,thread3
apcl,747,,thread6
apci,750,,thread5
apck,748,,thread1
apce,749,,thread4
apcg,748,,thread2
apcd,748,,thread6
apca,748,,thread1
apcm,748,,thread4
apcj,747,,thread5
apcc,750,,thread2
apch,748,,thread3
apcb,705,,thread1
apce,748,,thread4
apci,750,,thread5
apcl,747,,thread6
apcg,747,,thread2
apcf,747,,thread3
apck,747,,thread1
apcc,747,,thread2
apcm,749,,thread4
apcn,747,,thread5
apcj,747,,thread6
apch,748,,thread3
apca,747,,thread1
apcd,723,,thread1
apcb,732,,thread2
apcl,748,,thread6
apcf,748,,thread3
apce,748,,thread4
apck,748,,thread1
apcg,748,,thread2
apci,748,,thread5
apcn,748,,thread6
apca,748,,thread1
apch,748,,thread3
apco,753,,thread5
apcc,747,,thread2
apcm,749,,thread4
apcb,729,,thread3
apcd,729,,thread2
apcj,731,,thread1
apck,749,,thread1
apce,755,,thread4
apci,747,,thread5
apcg,748,,thread2
apcl,748,,thread6
apcf,750,,thread3
apcn,748,,thread6
apcc,747,,thread2
apch,747,,thread3
apca,747,,thread1
apcm,748,,thread4
apco,748,,thread5
apcd,738,,thread2
apcb,737,,thread3
apcj,737,,thread1
apcp,740,,thread4
apca,701,,thread1
apcl,749,,thread6
apck,748,,thread1
apcf,749,,thread3
apci,748,,thread5
apce,749,,thread4
apcg,749,,thread2
apch,750,,thread3
apcq,748,,thread2
apcc,748,,thread1
apcn,747,,thread6
apcm,750,,thread4
apco,749,,thread5
apcp,739,,thread4
apcd,739,,thread2
apcb,739,,thread3
apcj,739,,thread1
apcf,748,,thread3
apck,748,,thread1
apcl,748,,thread6
apce,748,,thread4
apci,751,,thread5
apcg,756,,thread2
apca,748,,thread1
apcm,748,,thread6
apcr,748,,thread2
apcc,748,,thread3
apcq,748,,thread4
apch,747,,thread5
apcj,748,,thread3
apcn,748,,thread2
apcd,747,,thread4
apco,747,,thread1
apcp,748,,thread6
apcb,747,,thread5
busybox.tar,4,,thread1
ruby.tar,12,,thread1
palabos,4,,thread1
cfd-openfoam,7,,thread1
flutter,15,,thread1
adig-apache,5,,thread1
asp.net,3,,thread1
cake-php,5,,thread1
django,5,,thread1
flask,3,,thread1
golang,7,,thread1
laravel,7,,thread1
mongo,6,,thread1
adig-nginx,4,,thread1
nodejs,11,,thread1
ns3,4,,thread1
perl,7,,thread1
php,7,,thread1
postgres,4,,thread1
react-native,19,,thread1
springboot,4,,thread1
svelte,7,,thread1
tornado,3,,thread1
vue,8,,thread1
adig-angular,4,,thread1
01w0,1,,thread2
01w2,0,,thread1
11,1,,thread1
01w1,11,,thread1
110,11,,thread1
1010,-86389,,thread1
31,11,,thread1
1010,0,,thread1
1010,11,,thread1
23,11,,thread1
19,0,,thread1
15,11,,thread1
24,12,,thread5
78,12,,thread3
71,12,,thread2
94,12,,thread6
310,12,,thread4
93,11,,thread3
97,12,,thread6
31,12,,thread5
51,12,,thread1
67,12,,thread4
79,12,,thread2
13,12,,thread1
55,11,,thread2
410,11,,thread5
84,12,,thread3
12,11,,thread4
43,11,,thread6
22,12,,thread3
44,12,,thread4
49,12,,thread2
102,12,,thread5
73,12,,thread1
66,12,,thread6
16,11,,thread3
46,12,,thread5
25,12,,thread6
59,12,,thread2
83,12,,thread1
42,12,,thread4
33,12,,thread4
76,12,,thread1
21,12,,thread5
11,12,,thread3
26,12,,thread6
69,12,,thread2
36,11,,thread4
23,11,,thread2
72,12,,thread6
68,12,,thread5
92,12,,thread3
88,12,,thread1
95,11,,thread2
105,12,,thread5
91,12,,thread3
62,12,,thread6
29,12,,thread4
110,12,,thread1
99,12,,thread1
61,12,,thread6
35,12,,thread2
108,12,,thread3
38,12,,thread5
32,12,,thread4
107,11,,thread4
85,12,,thread1
28,12,,thread2
81,12,,thread3
65,12,,thread5
87,12,,thread6
45,11,,thread3
75,12,,thread1
17,12,,thread4
210,12,,thread2
89,12,,thread5
19,12,,thread6
106,11,,thread1
63,11,,thread3
104,11,,thread6
64,12,,thread2
510,12,,thread4
47,12,,thread5
54,11,,thread6
18,12,,thread3
74,12,,thread4
710,12,,thread1
86,12,,thread5
14,12,,thread2
810,11,,thread6
53,12,,thread3
103,12,,thread1
98,12,,thread2
58,12,,thread4
48,12,,thread5
27,11,,thread3
101,11,,thread1
910,12,,thread4
37,12,,thread6
57,12,,thread2
39,12,,thread5
56,12,,thread5
34,11,,thread3
610,12,,thread1
82,12,,thread4
109,11,,thread6
1010,11,,thread2
52,12,,thread4
96,12,,thread1
77,12,,thread2
41,12,,thread3
